text	true_stance	true_category	Mistral-7B-Instruct-v0-1_stance	Mistral-7B-Instruct-v0-1_category	Qwen3-235B-A22B_stance	Qwen3-235B-A22B_category	DeepSeek-R1-Zero_stance	DeepSeek-R1-Zero_category	Claude3-5_Haiku_stance	Claude3-5_Haiku_category	Falcon3-7B-Instruct_stance	Falcon3-7B-Instruct_category	Gemini_2_5_Flash_stance	Gemini_2_5_Flash_category	deepseek-V3_stance	deepseek-V3_category	Yi-9B_stance	Yi-9B_category	Llama-3-8B-Instruct_stance	Llama-3-8B-Instruct_category	GPT-4_1_stance	GPT-4_1_category	SEA_LION_stance	SEA_LION_category
Affirming Christians are the real bigots: Even as Sodom and Gomorrha, and the cities about them in like manner, giving themselves over to fornication, and going after strange flesh, are set forth for an example, suffering the vengeance of eternal fire. How can you tell people what they are doing is ok when God warned you that they will go hell?	anti-Christianity	explicit derogation	anti-Christianity	explicit derogation and dehumanization	anti-Christianity	explicit derogation  	anti-Christianity	explicit derogation	anti-Christianity	explicit derogation	anti-Islam	explicit derogation and dehumanization	anti-Christianity	explicit derogation	anti-Christianity	explicit derogation	anti-Christianity	explicit derogation and dehumanization	anti-Christianity	explicit derogation and dehumanization	anti-Christianity	implicit animosity	anti-Christianity	implicit animosity
Atheists are deep frying aborted embryos.	anti-Atheism	explicit derogation	anti-Atheism	explicit derogation and dehumanization	anti-Atheism	dehumanization  	anti-Atheism	explicit derogation	anti-Atheism	explicit derogation, dehumanization	anti-Atheism	explicit derogation and dehumanization	anti-Atheism	explicit derogation, dehumanization	anti-Atheism	explicit derogation	undefined	explicit derogation and dehumanization	undefined	undefined	anti-Atheism	explicit derogation	anti-Atheism	explicit derogation and dehumanization
I hate Muslims: Muslims are all terrorists who only want to murder Jews	anti-Islam	explicit derogation	anti-Islam	explicit derogation and dehumanization	anti-Islam	dehumanization  	anti-Islam	dehumanization	anti-Islam	explicit derogation, dehumanization	anti-Islam	explicit derogation and dehumanization	anti-Islam	explicit derogation, dehumanization	anti-Islam	explicit derogation	anti-Islam	explicit derogation and dehumanization	anti-Islam	explicit derogation and dehumanization	anti-Islam	explicit derogation, dehumanization	anti-Islam	explicit derogation and dehumanization
I hate Muslims	anti-Islam	explicit derogation	anti-Islam	explicit derogation and dehumanization	anti-Islam	implicit animosity  	anti-Islam	explicit derogation	anti-Islam	explicit derogation	anti-Islam	explicit derogation and dehumanization	anti-Islam	explicit derogation	anti-Islam	explicit derogation	anti-Islam	explicit derogation and dehumanization	anti-Islam	explicit derogation and dehumanization	anti-Islam	explicit derogation	anti-Islam	implicit animosity
Jewwwws are liars	undefined	explicit derogation	anti-Islam	explicit derogation and dehumanization	anti-Hinduism	implicit animosity  	undefined	explicit derogation	undefined	explicit derogation	anti-Christianity	explicit derogation and dehumanization	undefined	explicit derogation	undefined	explicit derogation	undefined	explicit derogation and dehumanization	undefined	undefined	anti-Christianity	explicit derogation	undefined	explicit derogation and dehumanization
How Christian of you	anti-Christianity	implicit anomosity	anti-Christianity	explicit derogation and dehumanization	anti-Christianity	abusive humor  	anti-Christianity	implicit animosity	anti-Christianity	implicit animosity	undefined	undefined	anti-Christianity	implicit animosity	anti-Christianity	abusive humor	anti-Christianity	undefined	anti-Christianity	explicit derogation and dehumanization	anti-Christianity	implicit animosity	anti-Christianity	implicit animosity
Atheists are deep frying aborted embryos for karma.	anti-Atheism	explicit derogation	anti-Atheism	explicit derogation and dehumanization	anti-Atheism	dehumanization  	anti-Atheism	explicit derogation	anti-Atheism	explicit derogation, dehumanization	anti-Atheism	explicit derogation and dehumanization	anti-Atheism	explicit derogation, dehumanization	anti-Atheism	explicit derogation	undefined	abusive humor	undefined	undefined	anti-Atheism	explicit derogation, dehumanization	anti-Atheism	explicit derogation and dehumanization
Just another Satanist :)	undefined	implicit anomosity	anti-Christianity	explicit derogation and dehumanization	undefined	abusive humor  	undefined	abusive humor	undefined	implicit animosity	anti-Christianity	explicit derogation and dehumanization	undefined	implicit animosity	undefined	abusive humor	undefined	undefined	anti-Christianity	undefined	undefined	implicit animosity	undefined	undefined
redneck satanist	undefined	explicit derogation	undefined	explicit derogation and dehumanization	undefined	implicit animosity  	undefined	implicit animosity	undefined	implicit animosity	anti-Christianity	explicit derogation and dehumanization	undefined	implicit animosity	undefined	abusive humor	undefined	undefined	anti-Christianity	explicit derogation and dehumanization	undefined	implicit animosity	undefined	explicit derogation and dehumanization
Another average satanist	undefined	implicit anomosity	anti-Christianity	explicit derogation and dehumanization	undefined	implicit animosity  	undefined	implicit animosity	undefined	implicit animosity	anti-Christianity	undefined	undefined	implicit animosity	undefined	abusive humor	undefined	undefined	anti-Christianity	explicit derogation and dehumanization	undefined	implicit animosity	anti-Christianity	explicit derogation and dehumanization
Christian keep people stupid	anti-Christianity	explicit derogation	anti-Christianity	explicit derogation and dehumanization	anti-Christianity	explicit derogation  	anti-Christianity	explicit derogation	anti-Christianity	explicit derogation	anti-Christianity	explicit derogation and dehumanization	anti-Christianity	explicit derogation	anti-Christianity	explicit derogation	anti-Christianity	explicit derogation and dehumanization	anti-Christianity	explicit derogation and dehumanization	anti-Christianity	implicit animosity	anti-Christianity	implicit animosity
Buzzed blue collar satanist	undefined	implicit anomosity	undefined	explicit derogation and dehumanization	undefined	implicit animosity  	undefined	implicit animosity	undefined	implicit animosity	anti-Christianity	explicit derogation and dehumanization	undefined	implicit animosity	undefined	abusive humor	undefined	undefined	anti-Christianity	explicit derogation and dehumanization	undefined	implicit animosity	undefined	undefined
Atheism is just as dumb as Wicca	anti-Atheism	explicit derogation	anti-Atheism	explicit derogation and dehumanization	anti-Atheism	implicit animosity  	anti-Atheism	explicit derogation	anti-Atheism	explicit derogation	anti-Atheism	explicit derogation and dehumanization	anti-Atheism	explicit derogation	anti-Atheism	explicit derogation	anti-Atheism	explicit derogation and dehumanization	anti-Atheism	explicit derogation and dehumanization	anti-Atheism	implicit animosity	anti-Atheism	implicit animosity
Buddhism is all about Pedophilia	anti-Buddhism	explicit derogation	anti-Buddhism	explicit derogation and dehumanization	anti-Buddhism	dehumanization  	anti-Buddhism	explicit derogation	anti-Buddhism	explicit derogation, dehumanization	anti-Buddhism	explicit derogation and dehumanization	anti-Buddhism	explicit derogation, dehumanization	anti-Buddhism	explicit derogation	anti-Buddhism	explicit derogation and dehumanization	anti-Buddhism	explicit derogation and dehumanization	anti-Buddhism	explicit derogation	anti-Buddhism	explicit derogation and dehumanization
Pacifists be like	undefined	implicit anomosity	undefined	explicit derogation and dehumanization	undefined	implicit animosity  	undefined	undefined	undefined	implicit animosity	undefined	undefined	undefined	implicit animosity	undefined	undefined	undefined	undefined	anti-Christianity	explicit derogation and dehumanization	undefined	undefined	undefined	undefined
fuck all catholics and fuck all swedes	anti-Christianity	explicit derogation	anti-Christianity	explicit derogation and dehumanization	anti-Catholicism	abusive humor  	anti-Christianity	explicit derogation	anti-Christianity	explicit derogation	anti-Christianity	explicit derogation and dehumanization	anti-Christianity	explicit derogation	anti-Christianity	explicit derogation	anti-Christianity	explicit derogation and dehumanization	undefined	undefined	anti-Christianity	explicit derogation	anti-Christianity	explicit derogation and dehumanization
Fuck off atheists	anti-Atheism	explicit derogation	anti-Atheism	explicit derogation and dehumanization	anti-Atheism	threatening language  	anti-Atheism	explicit derogation	anti-Atheism	explicit derogation	anti-Atheism	explicit derogation and dehumanization	anti-Atheism	explicit derogation	anti-Atheism	explicit derogation	anti-Atheism	explicit derogation and dehumanization	anti-Atheism	explicit derogation and dehumanization	anti-Atheism	explicit derogation	anti-Atheism	explicit derogation and dehumanization
Eat shit satanist	undefined	explicit derogation	anti-Christianity	explicit derogation and dehumanization	undefined	threatening language  	undefined	abusive humor	undefined	explicit derogation	anti-Christianity	explicit derogation and dehumanization	undefined	explicit derogation	undefined	explicit derogation	undefined	abusive humor	undefined	undefined	undefined	explicit derogation	undefined	explicit derogation and dehumanization
I wanted to tell a joke about Islam: But I blew up	anti-Islam	abusive humor	anti-Islam	explicit derogation and dehumanization	anti-Islam	explicit derogation  	anti-Islam	abusive humor	anti-Islam	abusive humor	anti-Islam	explicit derogation and dehumanization	anti-Islam	abusive humor	anti-Islam	abusive humor	undefined	abusive humor	undefined	undefined	anti-Islam	abusive humor	undefined	undefined
average atheist	anti-Atheism	implicit anomosity	anti-Atheism	undefined	anti-Atheism	implicit animosity  	anti-Atheism	implicit animosity	anti-Atheism	implicit animosity	anti-Christianity	explicit derogation and dehumanization	anti-Atheism	implicit animosity	anti-Atheism	abusive humor	anti-Atheism	undefined	undefined	undefined	anti-Atheism	implicit animosity	undefined	undefined
It's not offensive or edgy to refer to religions as stupid useless fairy tales.	undefined	explicit derogation	anti-Atheism	explicit derogation and dehumanization	undefined	implicit animosity  	undefined	explicit derogation	undefined	explicit derogation	anti-Christianity	explicit derogation and dehumanization	undefined	explicit derogation	undefined	implicit animosity	undefined	explicit derogation and dehumanization	undefined	undefined	undefined	implicit animosity	undefined	explicit derogation and dehumanization
Fuck Mega churches: They ruin people's views on Christianity, are a scam and try to force beliefs onto people.	anti-Christianity	explicit derogation	anti-Christianity	explicit derogation and dehumanization	anti-Christianity	threatening language  	anti-Christianity	explicit derogation	anti-Christianity	explicit derogation	anti-Christianity	explicit derogation and dehumanization	anti-Christianity	explicit derogation	anti-Christianity	explicit derogation	anti-Christianity	explicit derogation and dehumanization	undefined	undefined	anti-Christianity	implicit animosity	anti-Christianity	explicit derogation and dehumanization
The antichrist, all in one picture. I HATE THE ANTICHRIST	undefined	explicit derogation	anti-Christianity	explicit derogation and dehumanization	anti-Christianity	explicit derogation  	anti-Christianity	explicit derogation	undefined	explicit derogation	anti-Christianity	explicit derogation and dehumanization	undefined	explicit derogation	anti-Christianity	explicit derogation	anti-Christianity	explicit derogation and dehumanization	anti-Christianity	explicit derogation and dehumanization	anti-Christianity	implicit animosity	anti-Christianity	explicit derogation and dehumanization
Jews are not even human beings	undefined	dehumanization	undefined	explicit derogation and dehumanization	anti-Hinduism	dehumanization  	undefined	dehumanization	undefined	explicit derogation, dehumanization	anti-Islam	explicit derogation and dehumanization	undefined	explicit derogation, dehumanization	undefined	dehumanization	undefined	explicit derogation and dehumanization	undefined	explicit derogation and dehumanization	anti-Christianity	explicit derogation, dehumanization	undefined	explicit derogation and dehumanization
Atheist logic - when we die we become nothing, everything is meaningless	anti-Atheism	abusive humor	anti-Atheism	explicit derogation and dehumanization	anti-Atheism	implicit animosity  	anti-Atheism	explicit derogation	anti-Atheism	implicit animosity	anti-Atheism	explicit derogation and dehumanization	anti-Atheism	implicit animosity	anti-Atheism	explicit derogation	undefined	implicit animosity	anti-Atheism	explicit derogation and dehumanization	anti-Atheism	implicit animosity	anti-Atheism	implicit animosity
Islam is a cult	anti-Islam	explicit derogation	anti-Islam	explicit derogation and dehumanization	anti-Islam	explicit derogation  	anti-Islam	explicit derogation	anti-Islam	explicit derogation	anti-Islam	explicit derogation and dehumanization	anti-Islam	explicit derogation	anti-Islam	explicit derogation	anti-Islam	explicit derogation and dehumanization	anti-Islam	explicit derogation and dehumanization	anti-Islam	implicit animosity	anti-Islam	implicit animosity
Muslims be like this fr	anti-Islam	implicit anomosity	undefined	explicit derogation and dehumanization	anti-Islam	implicit animosity  	anti-Islam	implicit animosity	anti-Islam	implicit animosity	anti-Christianity	explicit derogation and dehumanization	anti-Islam	implicit animosity	anti-Islam	abusive humor	undefined	undefined	anti-Islam	explicit derogation and dehumanization	anti-Islam	implicit animosity	anti-Islam	implicit animosity
Jehovah is a slave owner	anti-Christianity	explicit derogation	anti-Christianity	explicit derogation and dehumanization	anti-Christianity	explicit derogation  	anti-Christianity	explicit derogation	anti-Christianity	explicit derogation	anti-Christianity	explicit derogation and dehumanization	anti-Christianity	explicit derogation	anti-Christianity	explicit derogation	anti-Christianity	explicit derogation and dehumanization	anti-Christianity	explicit derogation and dehumanization	anti-Christianity	implicit animosity	anti-Christianity	explicit derogation and dehumanization
I hate foreigners (mostly muslims)	anti-Islam	explicit derogation	anti-Islam	explicit derogation and dehumanization	anti-Islam	implicit animosity  	anti-Islam	explicit derogation	anti-Islam	explicit derogation	anti-Islam	explicit derogation and dehumanization	anti-Islam	explicit derogation	anti-Islam	explicit derogation	anti-Islam	explicit derogation and dehumanization	anti-Islam	explicit derogation and dehumanization	anti-Islam	implicit animosity	anti-Islam	implicit animosity
I HATE THE ANTICHRIST ! I HATE MODERN SOCIETY !	undefined	explicit derogation	anti-Christianity	explicit derogation and dehumanization	anti-Christianity	explicit derogation  	anti-Christianity	explicit derogation	undefined	explicit derogation	anti-Christianity	explicit derogation and dehumanization	undefined	explicit derogation	anti-Christianity	explicit derogation	anti-Christianity	explicit derogation and dehumanization	anti-Christianity	explicit derogation and dehumanization	anti-Christianity	implicit animosity	anti-Christianity	explicit derogation and dehumanization
Islam is a scam	anti-Islam	explicit derogation	anti-Islam	explicit derogation and dehumanization	anti-Islam	explicit derogation  	anti-Islam	explicit derogation	anti-Islam	explicit derogation	anti-Islam	explicit derogation and dehumanization	anti-Islam	explicit derogation	anti-Islam	explicit derogation	anti-Islam	explicit derogation and dehumanization	anti-Islam	explicit derogation and dehumanization	anti-Islam	implicit animosity	anti-Christianity	implicit animosity
South Asian muslim are ret@rded	anti-Islam	explicit derogation	anti-Islam	explicit derogation and dehumanization	anti-Islam	explicit derogation  	anti-Islam	explicit derogation	anti-Islam	explicit derogation, dehumanization	anti-Islam	explicit derogation and dehumanization	anti-Islam	explicit derogation, dehumanization	anti-Islam	explicit derogation	anti-Islam	explicit derogation and dehumanization	anti-Islam	explicit derogation and dehumanization	anti-Islam	explicit derogation	anti-Islam	explicit derogation and dehumanization
Islam is a cancer	anti-Islam	explicit derogation	anti-Islam	explicit derogation and dehumanization	anti-Islam	explicit derogation  	anti-Islam	dehumanization	anti-Islam	explicit derogation, dehumanization	anti-Islam	explicit derogation and dehumanization	anti-Islam	explicit derogation, dehumanization	anti-Islam	dehumanization	anti-Islam	explicit derogation and dehumanization	anti-Islam	explicit derogation and dehumanization	anti-Islam	explicit derogation, dehumanization	anti-Islam	explicit derogation and dehumanization
Hatred for Islam	anti-Islam	explicit derogation	anti-Islam	explicit derogation and dehumanization	anti-Islam	implicit animosity  	anti-Islam	explicit derogation	anti-Islam	explicit derogation	anti-Islam	explicit derogation and dehumanization	anti-Islam	explicit derogation	anti-Islam	explicit derogation	anti-Islam	undefined	anti-Islam	explicit derogation and dehumanization	anti-Islam	implicit animosity	anti-Islam	implicit animosity
PURITANS RUINED LIFE	anti-Christianity	explicit derogation	anti-Christianity	explicit derogation and dehumanization	anti-Christianity	explicit derogation  	anti-Christianity	explicit derogation	anti-Christianity	implicit animosity	anti-Christianity	explicit derogation and dehumanization	anti-Christianity	implicit animosity	anti-Christianity	explicit derogation	undefined	undefined	undefined	undefined	anti-Christianity	implicit animosity	anti-Christianity	implicit animosity
Atheists bad	anti-Atheism	explicit derogation	anti-Atheism	explicit derogation and dehumanization	anti-Atheism	implicit animosity  	anti-Atheism	explicit derogation	anti-Atheism	explicit derogation	anti-Atheism	explicit derogation and dehumanization	anti-Atheism	explicit derogation	anti-Atheism	explicit derogation	anti-Atheism	explicit derogation and dehumanization	anti-Atheism	explicit derogation and dehumanization	anti-Atheism	implicit animosity	anti-Atheism	implicit animosity
I thought atheists were the ones that ate babies /s	anti-Atheism	explicit derogation	anti-Atheism	explicit derogation and dehumanization	anti-Atheism	abusive humor  	anti-Atheism	abusive humor	anti-Atheism	abusive humor, dehumanization	anti-Atheism	explicit derogation and dehumanization	anti-Atheism	abusive humor, dehumanization	anti-Atheism	abusive humor	undefined	abusive humor	anti-Atheism	abusive humor	anti-Atheism	abusive humor	undefined	explicit derogation and dehumanization
Christians shouldn't mourn when a fellow Christian dies.	anti-Christianity	explicit derogation	anti-Christianity	explicit derogation and dehumanization	anti-Christianity	explicit derogation  	anti-Christianity	explicit derogation	anti-Christianity	implicit animosity	anti-Christianity	explicit derogation and dehumanization	anti-Christianity	implicit animosity	anti-Christianity	explicit derogation	anti-Christianity	implicit animosity	undefined	undefined	anti-Christianity	implicit animosity	anti-Christianity	implicit animosity
Non-believers blown the fuck out	anti-Atheism	explicit derogation	anti-Atheism	explicit derogation and dehumanization	undefined	threatening language  	undefined	threatening language	anti-Atheism	explicit derogation	anti-Christianity	explicit derogation and dehumanization	anti-Atheism	explicit derogation	anti-Atheism	explicit derogation	undefined	abusive humor	anti-Atheism	explicit derogation and dehumanization	anti-Atheism	implicit animosity	anti-Atheism	explicit derogation and dehumanization
Antitheist says religion is irrational	anti-Atheism	explicit derogation	anti-Atheism	explicit derogation and dehumanization	undefined	implicit animosity  	undefined	explicit derogation	undefined	implicit animosity	anti-Christianity	explicit derogation and dehumanization	undefined	implicit animosity	undefined	implicit animosity	anti-Atheism	undefined	anti-Christianity	explicit derogation and dehumanization	undefined	implicit animosity	undefined	undefined
Antitheist believes religion is irrational	anti-Atheism	explicit derogation	anti-Atheism	undefined	undefined	implicit animosity  	undefined	explicit derogation	undefined	implicit animosity	anti-Christianity	explicit derogation and dehumanization	undefined	implicit animosity	undefined	implicit animosity	anti-Atheism	undefined	anti-Christianity	explicit derogation and dehumanization	undefined	implicit animosity	undefined	undefined
average Muslims activities	anti-Islam	implicit anomosity	undefined	undefined	anti-Islam	implicit animosity  	anti-Islam	implicit animosity	anti-Islam	implicit animosity	anti-Christianity	explicit derogation and dehumanization	anti-Islam	implicit animosity	anti-Islam	abusive humor	anti-Islam	undefined	undefined	undefined	anti-Islam	implicit animosity	undefined	undefined
I wonder if people who are super religious think they'll go to heaven by forcing their religion on others.	undefined	implicit anomosity	anti-Christianity	implicit animosity	undefined	implicit animosity  	undefined	implicit animosity	undefined	implicit animosity	undefined	undefined	undefined	implicit animosity	undefined	implicit animosity	undefined	undefined	undefined	undefined	undefined	implicit animosity	undefined	implicit animosity
Atheists are just stupid: Atheists have nothing to live for so they try to convince believers that god doesn't exist in order to make them as miserable as them, and that they'll burn in hell because they're evil and useless.	anti-Atheism	explicit derogation	anti-Atheism	explicit derogation and dehumanization	anti-Atheism	explicit derogation  	anti-Atheism	explicit derogation	anti-Atheism	explicit derogation, dehumanization	anti-Atheism	explicit derogation and dehumanization	anti-Atheism	explicit derogation, dehumanization	anti-Atheism	explicit derogation	anti-Atheism	explicit derogation and dehumanization	anti-Atheism	explicit derogation and dehumanization	anti-Atheism	explicit derogation	anti-Atheism	explicit derogation and dehumanization
Most menacing Muslim	anti-Islam	implicit anomosity	anti-Islam	explicit derogation and dehumanization	anti-Islam	implicit animosity  	anti-Islam	implicit animosity	anti-Islam	implicit animosity	anti-Christianity	explicit derogation and dehumanization	anti-Islam	implicit animosity	anti-Islam	abusive humor	anti-Islam	explicit derogation and dehumanization	anti-Christianity	explicit derogation and dehumanization	anti-Islam	implicit animosity	anti-Islam	explicit derogation and dehumanization
Most menacing muslim.	anti-Islam	implicit anomosity	anti-Islam	explicit derogation and dehumanization	anti-Islam	implicit animosity  	anti-Islam	implicit animosity	anti-Islam	implicit animosity	anti-Islam	explicit derogation and dehumanization	anti-Islam	implicit animosity	anti-Islam	abusive humor	anti-Islam	explicit derogation and dehumanization	anti-Islam	explicit derogation and dehumanization	anti-Islam	implicit animosity	anti-Islam	explicit derogation and dehumanization
"I say God Hates: Bigots ""aka Evangelical Protestants"""	anti-Christianity	explicit derogation	anti-Christianity	explicit derogation and dehumanization	anti-Christianity	explicit derogation  	anti-Christianity	explicit derogation	anti-Christianity	explicit derogation	anti-Christianity	explicit derogation and dehumanization	anti-Christianity	explicit derogation	anti-Christianity	explicit derogation	anti-Christianity	explicit derogation and dehumanization	anti-Christianity	explicit derogation and dehumanization	anti-Christianity	implicit animosity	anti-Christianity	explicit derogation and dehumanization
Very religious people are the worst people to be around	undefined	explicit derogation	anti-Atheism	explicit derogation and dehumanization	undefined	implicit animosity  	undefined	implicit animosity	undefined	explicit derogation	undefined	explicit derogation and dehumanization	undefined	explicit derogation	undefined	implicit animosity	undefined	implicit animosity	undefined	implicit animosity	undefined	implicit animosity	undefined	implicit animosity
Atheists are just bigots	anti-Atheism	explicit derogation	anti-Atheism	explicit derogation and dehumanization	anti-Atheism	explicit derogation  	anti-Atheism	explicit derogation	anti-Atheism	explicit derogation	anti-Atheism	explicit derogation and dehumanization	anti-Atheism	explicit derogation	anti-Atheism	explicit derogation	anti-Atheism	explicit derogation and dehumanization	anti-Atheism	explicit derogation and dehumanization	anti-Atheism	implicit animosity	anti-Atheism	explicit derogation and dehumanization
Were do autistic jews go?: Concentration camp	undefined	abusive humor	undefined	explicit derogation and dehumanization	anti-Hinduism	dehumanization  	undefined	dehumanization	undefined	explicit derogation, dehumanization, threatening language	undefined	explicit derogation and dehumanization	undefined	explicit derogation, dehumanization, threatening language	undefined	dehumanization	undefined	explicit derogation and dehumanization	undefined	explicit derogation and dehumanization	anti-Christianity	explicit derogation, dehumanization, threatening language	undefined	explicit derogation and dehumanization
You are a disgusting thing. BUNCH OF INMORAL BIBLE BURNER	undefined	explicit derogation	anti-Christianity	explicit derogation and dehumanization	anti-Christianity	dehumanization  	undefined	threatening language	undefined	explicit derogation, dehumanization	anti-Christianity	explicit derogation and dehumanization	undefined	explicit derogation, dehumanization	anti-Christianity	explicit derogation	anti-Christianity	explicit derogation and dehumanization	anti-Christianity	explicit derogation and dehumanization	anti-Christianity	explicit derogation	anti-Christianity	explicit derogation and dehumanization
The bible is a fake story made up by people who could not comprehend things that were happening at the time	anti-Christianity	implicit anomosity	anti-Christianity	explicit derogation and dehumanization	anti-Christianity	explicit derogation  	anti-Christianity	explicit derogation	anti-Christianity	explicit derogation	anti-Christianity	explicit derogation and dehumanization	anti-Christianity	explicit derogation	anti-Christianity	explicit derogation	anti-Christianity	explicit derogation and dehumanization	anti-Christianity	implicit animosity	anti-Christianity	implicit animosity	anti-Christianity	implicit animosity
aThEiStS dEnY rEaLiTy	anti-Atheism	implicit anomosity	anti-Atheism	explicit derogation and dehumanization	anti-Atheism	implicit animosity  	anti-Atheism	explicit derogation	anti-Atheism	abusive humor	anti-Atheism	explicit derogation and dehumanization	anti-Atheism	abusive humor	anti-Atheism	abusive humor	undefined	abusive humor	undefined	undefined	anti-Atheism	abusive humor	anti-Christianity	implicit animosity
Many Say They Are Believers; But Don't Believe The Bible !	undefined	undefined	anti-Christianity	explicit derogation and dehumanization	undefined	implicit animosity  	anti-Christianity	implicit animosity	undefined	implicit animosity	anti-Christianity	explicit derogation and dehumanization	undefined	implicit animosity	anti-Christianity	implicit animosity	anti-Christianity	explicit derogation and dehumanization	anti-Christianity	explicit derogation and dehumanization	anti-Christianity	implicit animosity	undefined	undefined
Atheism is a disease	anti-Atheism	explicit derogation	anti-Atheism	explicit derogation and dehumanization	anti-Atheism	explicit derogation  	anti-Atheism	dehumanization	anti-Atheism	explicit derogation, dehumanization	anti-Atheism	explicit derogation and dehumanization	anti-Atheism	explicit derogation, dehumanization	anti-Atheism	dehumanization	anti-Atheism	explicit derogation and dehumanization	anti-Atheism	explicit derogation and dehumanization	anti-Atheism	explicit derogation, dehumanization	anti-Atheism	implicit animosity
Smh at these fake christians	anti-Christianity	explicit derogation	anti-Christianity	explicit derogation and dehumanization	anti-Christianity	implicit animosity  	anti-Christianity	explicit derogation	anti-Christianity	implicit animosity	anti-Christianity	explicit derogation and dehumanization	anti-Christianity	implicit animosity	anti-Christianity	implicit animosity	anti-Christianity	undefined	anti-Christianity	explicit derogation and dehumanization	anti-Christianity	implicit animosity	anti-Christianity	implicit animosity
Trying to know about the humanist side of V.I. Lenin, if any	undefined	undefined	anti-Atheism	undefined	undefined	implicit animosity  	undefined	undefined	undefined	undefined	anti-Christianity	undefined	undefined	undefined	undefined	undefined	undefined	undefined	undefined	undefined	undefined	undefined	undefined	undefined
I hate the antichrist	undefined	explicit derogation	anti-Christianity	explicit derogation and dehumanization	anti-Christianity	explicit derogation  	anti-Christianity	explicit derogation	undefined	explicit derogation	anti-Christianity	explicit derogation and dehumanization	undefined	explicit derogation	anti-Christianity	explicit derogation	anti-Christianity	explicit derogation and dehumanization	anti-Christianity	explicit derogation and dehumanization	anti-Christianity	implicit animosity	anti-Christianity	implicit animosity
Average catholic priest	anti-Christianity	implicit anomosity	undefined	undefined	anti-Christianity	implicit animosity  	anti-Christianity	implicit animosity	anti-Christianity	explicit derogation	anti-Christianity	explicit derogation and dehumanization	anti-Christianity	explicit derogation	anti-Christianity	abusive humor	undefined	undefined	undefined	undefined	anti-Christianity	implicit animosity	undefined	undefined
Religious people see signs of their gods existence in anything: They are so desperate that they will believe anything is a sign of their gods existence. Any favourable coincidence is a sure sign of gods existence for them. These huge and powerful gods sure do find stupid ways to show their existence.	undefined	implicit anomosity	anti-Atheism	explicit derogation and dehumanization	undefined	implicit animosity  	undefined	explicit derogation	undefined	explicit derogation	anti-Christianity	explicit derogation and dehumanization	undefined	explicit derogation	undefined	implicit animosity	anti-Atheism	explicit derogation and dehumanization	undefined	explicit derogation and dehumanization	undefined	implicit animosity	undefined	implicit animosity
nowaday hinduism is a purely retarded religion	anti-Hinduism	explicit derogation	anti-Hinduism	explicit derogation and dehumanization	anti-Hinduism	explicit derogation  	anti-Hinduism	explicit derogation	anti-Hinduism	explicit derogation	anti-Hinduism	explicit derogation and dehumanization	anti-Hinduism	explicit derogation	anti-Hinduism	explicit derogation	anti-Hinduism	explicit derogation and dehumanization	anti-Hinduism	explicit derogation and dehumanization	anti-Hinduism	explicit derogation	anti-Hinduism	explicit derogation and dehumanization
Religion is bad.	undefined	explicit derogation	anti-Christianity	explicit derogation and dehumanization	undefined	implicit animosity  	undefined	explicit derogation	undefined	explicit derogation	anti-Atheism	explicit derogation and dehumanization	undefined	explicit derogation	undefined	explicit derogation	undefined	implicit animosity	undefined	undefined	undefined	implicit animosity	undefined	implicit animosity
Quit using your Religion as an excuse for your disgusting actions and behavior.	undefined	explicit derogation	anti-Christianity	explicit derogation and dehumanization	undefined	implicit animosity  	undefined	explicit derogation	undefined	explicit derogation	anti-Christianity	explicit derogation and dehumanization	undefined	explicit derogation	undefined	implicit animosity	undefined	implicit animosity	undefined	undefined	undefined	implicit animosity	undefined	explicit derogation and dehumanization
being christian is a curse	anti-Christianity	explicit derogation	anti-Christianity	explicit derogation and dehumanization	anti-Christianity	explicit derogation  	anti-Christianity	explicit derogation	anti-Christianity	explicit derogation	anti-Christianity	explicit derogation and dehumanization	anti-Christianity	explicit derogation	anti-Christianity	explicit derogation	anti-Christianity	implicit animosity	anti-Christianity	explicit derogation and dehumanization	anti-Christianity	implicit animosity	anti-Christianity	explicit derogation and dehumanization
I hate missionaries, specifically Christian ones.	anti-Christianity	explicit derogation	anti-Christianity	explicit derogation and dehumanization	anti-Christianity	explicit derogation  	anti-Christianity	explicit derogation	anti-Christianity	explicit derogation	anti-Christianity	undefined	anti-Christianity	explicit derogation	anti-Christianity	explicit derogation	anti-Christianity	implicit animosity	anti-Christianity	explicit derogation and dehumanization	anti-Christianity	explicit derogation	anti-Christianity	implicit animosity
Those Christians nazis just can't keep their hatred to themselves	anti-Christianity	explicit derogation	anti-Christianity	explicit derogation and dehumanization	anti-Christianity	explicit derogation  	anti-Christianity	explicit derogation	anti-Christianity	explicit derogation, dehumanization	anti-Christianity	explicit derogation and dehumanization	anti-Christianity	explicit derogation, dehumanization	anti-Christianity	explicit derogation	anti-Christianity	explicit derogation and dehumanization	anti-Christianity	explicit derogation and dehumanization	anti-Christianity	explicit derogation	anti-Christianity	explicit derogation and dehumanization
Those Christian nazis just can't keep their hatred to themselves	anti-Christianity	explicit derogation	anti-Christianity	explicit derogation and dehumanization	anti-Christianity	explicit derogation  	anti-Christianity	explicit derogation	anti-Christianity	explicit derogation, dehumanization	anti-Christianity	explicit derogation and dehumanization	anti-Christianity	explicit derogation, dehumanization	anti-Christianity	explicit derogation	anti-Christianity	explicit derogation and dehumanization	anti-Christianity	explicit derogation and dehumanization	anti-Christianity	explicit derogation	anti-Christianity	explicit derogation and dehumanization
The Bible is More Evil and Cursed Than The Necronomicons	anti-Christianity	explicit derogation	anti-Christianity	explicit derogation and dehumanization	anti-Christianity	explicit derogation  	anti-Christianity	explicit derogation	anti-Christianity	explicit derogation	anti-Christianity	explicit derogation and dehumanization	anti-Christianity	explicit derogation	anti-Christianity	explicit derogation	anti-Christianity	explicit derogation and dehumanization	anti-Christianity	explicit derogation and dehumanization	anti-Christianity	implicit animosity	anti-Christianity	explicit derogation and dehumanization
"Stay away from progressive ""Christianity"""	anti-Christianity	implicit anomosity	anti-Christianity	explicit derogation and dehumanization	anti-Christianity	explicit derogation  	anti-Christianity	explicit derogation	anti-Christianity	implicit animosity	anti-Christianity	explicit derogation and dehumanization	anti-Christianity	implicit animosity	anti-Christianity	implicit animosity	anti-Christianity	undefined	anti-Christianity	explicit derogation and dehumanization	anti-Christianity	implicit animosity	anti-Christianity	implicit animosity
I hate jews	undefined	explicit derogation	undefined	explicit derogation and dehumanization	anti-Hinduism	explicit derogation  	undefined	explicit derogation	undefined	explicit derogation	undefined	explicit derogation and dehumanization	undefined	explicit derogation	undefined	explicit derogation	undefined	undefined	undefined	explicit derogation and dehumanization	anti-Christianity	explicit derogation	undefined	undefined
Christians be like XD	anti-Christianity	implicit anomosity	undefined	implicit animosity	anti-Christianity	implicit animosity  	anti-Christianity	abusive humor	anti-Christianity	abusive humor	anti-Christianity	explicit derogation and dehumanization	anti-Christianity	abusive humor	anti-Christianity	abusive humor	undefined	undefined	undefined	undefined	anti-Christianity	abusive humor	anti-Christianity	implicit animosity
Atheists are more annoying then religious people	anti-Atheism	explicit derogation	anti-Atheism	explicit derogation and dehumanization	anti-Atheism	implicit animosity  	anti-Atheism	explicit derogation	anti-Atheism	explicit derogation	anti-Atheism	explicit derogation and dehumanization	anti-Atheism	explicit derogation	anti-Atheism	implicit animosity	anti-Atheism	implicit animosity	anti-Atheism	explicit derogation and dehumanization	anti-Atheism	implicit animosity	anti-Atheism	implicit animosity
blasphemy.	undefined	explicit derogation	undefined	explicit derogation and dehumanization	undefined	implicit animosity  	undefined	undefined	undefined	undefined	anti-Christianity	explicit derogation and dehumanization	undefined	undefined	undefined	undefined	undefined	implicit animosity	anti-Islam	explicit derogation and dehumanization	undefined	undefined	undefined	explicit derogation and dehumanization
Religion is injustice.	undefined	implicit anomosity	anti-Christianity	explicit derogation and dehumanization	undefined	implicit animosity  	undefined	explicit derogation	undefined	explicit derogation	anti-Christianity	explicit derogation and dehumanization	undefined	explicit derogation	undefined	explicit derogation	undefined	implicit animosity	anti-Christianity	explicit derogation and dehumanization	undefined	implicit animosity	undefined	undefined
Muslims be like:	anti-Islam	implicit anomosity	anti-Islam	explicit derogation and dehumanization	anti-Islam	implicit animosity  	anti-Islam	implicit animosity	anti-Islam	implicit animosity	anti-Christianity	explicit derogation and dehumanization	anti-Islam	implicit animosity	anti-Islam	abusive humor	undefined	undefined	anti-Christianity	explicit derogation and dehumanization	anti-Islam	implicit animosity	undefined	implicit animosity
I HATE THE ANTICHRIST I HATE THE ANTICHRIST I HATE THE ANTICHRIST	undefined	explicit derogation	anti-Christianity	explicit derogation and dehumanization	anti-Christianity	explicit derogation  	anti-Christianity	explicit derogation	undefined	explicit derogation	anti-Christianity	explicit derogation and dehumanization	undefined	explicit derogation	anti-Christianity	explicit derogation	anti-Christianity	explicit derogation and dehumanization	anti-Christianity	explicit derogation and dehumanization	anti-Christianity	implicit animosity	anti-Christianity	implicit animosity
Filthy Christians	anti-Christianity	explicit derogation	anti-Christianity	explicit derogation and dehumanization	anti-Christianity	dehumanization  	anti-Christianity	explicit derogation	anti-Christianity	explicit derogation, dehumanization	anti-Islam	explicit derogation and dehumanization	anti-Christianity	explicit derogation, dehumanization	anti-Christianity	explicit derogation	anti-Christianity	explicit derogation and dehumanization	anti-Christianity	explicit derogation and dehumanization	anti-Christianity	explicit derogation	anti-Christianity	implicit animosity
Religion should be extinguished	undefined	threatening language	anti-Christianity	explicit derogation and dehumanization	undefined	implicit animosity  	undefined	threatening language	undefined	threatening language	anti-Christianity	explicit derogation and dehumanization	undefined	threatening language	undefined	explicit derogation	undefined	explicit derogation and dehumanization	anti-Christianity	explicit derogation and dehumanization	undefined	threatening language	anti-Christianity	implicit animosity
Atheism is a sin that leads to Hell	anti-Atheism	explicit derogation	anti-Atheism	explicit derogation and dehumanization	anti-Atheism	explicit derogation  	anti-Atheism	explicit derogation	anti-Atheism	explicit derogation	anti-Atheism	explicit derogation and dehumanization	anti-Atheism	explicit derogation	anti-Atheism	explicit derogation	anti-Atheism	explicit derogation and dehumanization	anti-Atheism	explicit derogation and dehumanization	anti-Atheism	implicit animosity	anti-Atheism	undefined
f the orthodox	anti-Christianity	explicit derogation	undefined	undefined	anti-Christianity	threatening language  	anti-Christianity	explicit derogation	anti-Christianity	explicit derogation	anti-Christianity	explicit derogation and dehumanization	anti-Christianity	explicit derogation	anti-Christianity	explicit derogation	undefined	undefined	anti-Christianity	explicit derogation and dehumanization	anti-Christianity	explicit derogation	anti-Christianity	explicit derogation and dehumanization
"Average ""Christian"""	anti-Christianity	implicit anomosity	undefined	undefined	anti-Christianity	implicit animosity  	anti-Christianity	implicit animosity	anti-Christianity	implicit animosity	anti-Islam	explicit derogation and dehumanization	anti-Christianity	implicit animosity	anti-Christianity	abusive humor	anti-Christianity	undefined	undefined	undefined	anti-Christianity	implicit animosity	anti-Christianity	implicit animosity
Islam Is FRAUD! Your Prophet Was FRAUD! Muslims Worship DEMONS!	anti-Islam	explicit derogation	anti-Islam	explicit derogation and dehumanization	anti-Islam	explicit derogation  	anti-Islam	explicit derogation	anti-Islam	explicit derogation, dehumanization	anti-Islam	explicit derogation and dehumanization	anti-Islam	explicit derogation, dehumanization	anti-Islam	explicit derogation	anti-Islam	explicit derogation and dehumanization	anti-Islam	explicit derogation and dehumanization	anti-Islam	explicit derogation, dehumanization	anti-Islam	explicit derogation and dehumanization
Atheism is a false religion	anti-Atheism	implicit anomosity	anti-Atheism	explicit derogation and dehumanization	anti-Atheism	explicit derogation  	anti-Atheism	explicit derogation	anti-Atheism	explicit derogation	anti-Atheism	explicit derogation and dehumanization	anti-Atheism	explicit derogation	anti-Atheism	explicit derogation	anti-Atheism	explicit derogation and dehumanization	anti-Atheism	explicit derogation and dehumanization	anti-Atheism	implicit animosity	anti-Atheism	implicit animosity
ATHIESM IS A FALSE RELIGION BECAUSE SCIENCE IS FALSE	anti-Atheism	implicit anomosity	anti-Atheism	explicit derogation and dehumanization	anti-Atheism	explicit derogation  	anti-Atheism	explicit derogation	anti-Atheism	explicit derogation	anti-Atheism	explicit derogation and dehumanization	anti-Atheism	explicit derogation	anti-Atheism	explicit derogation	anti-Atheism	explicit derogation and dehumanization	anti-Atheism	explicit derogation and dehumanization	anti-Atheism	implicit animosity	anti-Atheism	implicit animosity
Atheism is false religin	anti-Atheism	implicit anomosity	anti-Atheism	explicit derogation and dehumanization	anti-Atheism	explicit derogation  	anti-Atheism	explicit derogation	anti-Atheism	explicit derogation	anti-Atheism	explicit derogation and dehumanization	anti-Atheism	explicit derogation	anti-Atheism	explicit derogation	anti-Atheism	explicit derogation and dehumanization	anti-Atheism	explicit derogation and dehumanization	anti-Atheism	implicit animosity	anti-Atheism	undefined
I hate the antichrist, I hate the antichrist	undefined	explicit derogation	anti-Christianity	explicit derogation and dehumanization	anti-Christianity	explicit derogation  	anti-Christianity	explicit derogation	undefined	explicit derogation	anti-Christianity	explicit derogation and dehumanization	undefined	explicit derogation	anti-Christianity	explicit derogation	anti-Christianity	explicit derogation and dehumanization	anti-Christianity	explicit derogation and dehumanization	anti-Christianity	implicit animosity	anti-Christianity	undefined
Narcissism disguised as evangelicalism	anti-Christianity	implicit anomosity	anti-Christianity	explicit derogation and dehumanization	anti-Christianity	explicit derogation  	anti-Christianity	explicit derogation	anti-Christianity	explicit derogation	anti-Christianity	explicit derogation and dehumanization	anti-Christianity	explicit derogation	anti-Christianity	implicit animosity	undefined	implicit animosity	undefined	undefined	anti-Christianity	implicit animosity	undefined	implicit animosity
Without Lies, Islam Dies.	anti-Islam	explicit derogation	anti-Islam	explicit derogation and dehumanization	anti-Islam	explicit derogation  	anti-Islam	threatening language	anti-Islam	explicit derogation	anti-Islam	explicit derogation and dehumanization	anti-Islam	explicit derogation	anti-Islam	explicit derogation	anti-Islam	explicit derogation and dehumanization	anti-Islam	explicit derogation and dehumanization	anti-Islam	implicit animosity	anti-Islam	implicit animosity
antisemitism is bad	undefined	undefined	undefined	explicit derogation and dehumanization	undefined	implicit animosity  	undefined	undefined	undefined	undefined	undefined	explicit derogation and dehumanization	undefined	undefined	undefined	undefined	undefined	explicit derogation and dehumanization	anti-Atheism	explicit derogation and dehumanization	undefined	undefined	undefined	undefined
Uh-oh, it's a meddling Christian troll! Reddit, get out your pitchforks	anti-Christianity	abusive humor	anti-Christianity	explicit derogation and dehumanization	anti-Christianity	implicit animosity  	anti-Christianity	abusive humor	anti-Christianity	explicit derogation, threatening language	anti-Christianity	explicit derogation and dehumanization	anti-Christianity	explicit derogation, threatening language	anti-Christianity	abusive humor	anti-Christianity	abusive humor	anti-Christianity	explicit derogation and dehumanization	anti-Christianity	implicit animosity	anti-Christianity	threatening language
Religion sucks	undefined	explicit derogation	anti-Atheism	explicit derogation and dehumanization	undefined	implicit animosity  	undefined	explicit derogation	undefined	explicit derogation	anti-Atheism	explicit derogation and dehumanization	undefined	explicit derogation	undefined	explicit derogation	undefined	implicit animosity	undefined	undefined	undefined	implicit animosity	undefined	undefined
Atheists be like	anti-Atheism	implicit anomosity	anti-Atheism	implicit animosity	anti-Atheism	implicit animosity  	anti-Atheism	implicit animosity	anti-Atheism	implicit animosity	anti-Christianity	explicit derogation and dehumanization	anti-Atheism	implicit animosity	anti-Atheism	abusive humor	undefined	undefined	anti-Christianity	explicit derogation and dehumanization	anti-Atheism	implicit animosity	undefined	implicit animosity
I hate the antichrist!	undefined	explicit derogation	anti-Christianity	explicit derogation and dehumanization	anti-Christianity	explicit derogation  	anti-Christianity	explicit derogation	undefined	explicit derogation	anti-Christianity	explicit derogation and dehumanization	undefined	explicit derogation	anti-Christianity	explicit derogation	anti-Christianity	explicit derogation and dehumanization	anti-Christianity	explicit derogation and dehumanization	anti-Christianity	implicit animosity	anti-Christianity	implicit animosity
Atheist grooming	anti-Atheism	explicit derogation	anti-Atheism	undefined	anti-Atheism	dehumanization  	anti-Atheism	explicit derogation	anti-Atheism	explicit derogation, dehumanization	anti-Christianity	explicit derogation and dehumanization	anti-Atheism	explicit derogation, dehumanization	anti-Atheism	implicit animosity	anti-Atheism	undefined	undefined	undefined	anti-Atheism	explicit derogation	anti-Atheism	explicit derogation and dehumanization
Religion is the source of misogyny.	undefined	implicit anomosity	anti-Christianity	explicit derogation and dehumanization	undefined	implicit animosity  	undefined	explicit derogation	undefined	explicit derogation	anti-Islam	explicit derogation and dehumanization	undefined	explicit derogation	undefined	implicit animosity	undefined	implicit animosity	anti-Christianity	explicit derogation and dehumanization	undefined	implicit animosity	undefined	implicit animosity
Gotta say I hate jews	undefined	explicit derogation	undefined	explicit derogation and dehumanization	anti-Hinduism	explicit derogation  	undefined	explicit derogation	undefined	explicit derogation	undefined	explicit derogation and dehumanization	undefined	explicit derogation	undefined	explicit derogation	undefined	explicit derogation and dehumanization	undefined	undefined	anti-Christianity	explicit derogation	undefined	explicit derogation and dehumanization
Religion is morally challenged.	undefined	implicit anomosity	undefined	explicit derogation and dehumanization	undefined	implicit animosity  	undefined	explicit derogation	undefined	explicit derogation	undefined	implicit animosity	undefined	explicit derogation	undefined	explicit derogation	undefined	implicit animosity	anti-Christianity	explicit derogation and dehumanization	undefined	implicit animosity	undefined	undefined
Common atheist Loser	anti-Atheism	explicit derogation	anti-Atheism	explicit derogation and dehumanization	anti-Atheism	abusive humor  	anti-Atheism	explicit derogation	anti-Atheism	explicit derogation	anti-Christianity	explicit derogation and dehumanization	anti-Atheism	explicit derogation	anti-Atheism	abusive humor	anti-Atheism	explicit derogation and dehumanization	anti-Christianity	explicit derogation and dehumanization	anti-Atheism	implicit animosity	anti-Atheism	explicit derogation and dehumanization
Least murderous anti-theist	anti-Atheism	explicit derogation	anti-Atheism	undefined	undefined	implicit animosity  	undefined	implicit animosity	anti-Atheism	abusive humor, dehumanization	anti-Atheism	explicit derogation and dehumanization	anti-Atheism	abusive humor, dehumanization	undefined	abusive humor	undefined	abusive humor	anti-Christianity	undefined	anti-Atheism	abusive humor	anti-Atheism	implicit animosity
I am fed up with how oxymoronic Christianity is.	anti-Christianity	explicit derogation	anti-Christianity	explicit derogation and dehumanization	anti-Christianity	explicit derogation  	anti-Christianity	explicit derogation	anti-Christianity	implicit animosity	anti-Christianity	undefined	anti-Christianity	implicit animosity	anti-Christianity	implicit animosity	anti-Christianity	implicit animosity	undefined	undefined	anti-Christianity	implicit animosity	anti-Christianity	undefined
The worthlessness of atheism	anti-Atheism	explicit derogation	anti-Atheism	explicit derogation and dehumanization	anti-Atheism	explicit derogation  	anti-Atheism	explicit derogation	anti-Atheism	explicit derogation	anti-Atheism	explicit derogation and dehumanization	anti-Atheism	explicit derogation	anti-Atheism	explicit derogation	anti-Atheism	explicit derogation and dehumanization	anti-Atheism	explicit derogation and dehumanization	anti-Atheism	implicit animosity	anti-Atheism	implicit animosity
Atheists are just assholes	anti-Atheism	explicit derogation	anti-Atheism	explicit derogation and dehumanization	anti-Atheism	explicit derogation  	anti-Atheism	explicit derogation	anti-Atheism	explicit derogation	anti-Atheism	explicit derogation and dehumanization	anti-Atheism	explicit derogation	anti-Atheism	explicit derogation	anti-Atheism	explicit derogation and dehumanization	anti-Atheism	explicit derogation and dehumanization	anti-Atheism	explicit derogation	anti-Atheism	explicit derogation and dehumanization
Muslims are totally okay with pedophilia, because it was the norm?	anti-Islam	implicit anomosity	anti-Islam	explicit derogation and dehumanization	anti-Islam	explicit derogation  	anti-Islam	explicit derogation	anti-Islam	explicit derogation, dehumanization	anti-Islam	explicit derogation and dehumanization	anti-Islam	explicit derogation, dehumanization	anti-Islam	implicit animosity	anti-Islam	explicit derogation and dehumanization	undefined	implicit animosity	anti-Islam	explicit derogation	anti-Islam	explicit derogation and dehumanization
Science flies you to the moon, religion flies you into buildings	undefined	abusive humor	undefined	implicit animosity	undefined	implicit animosity  	undefined	explicit derogation	undefined	implicit animosity	anti-Christianity	explicit derogation and dehumanization	undefined	implicit animosity	undefined	abusive humor	undefined	explicit derogation and dehumanization	undefined	undefined	undefined	implicit animosity	anti-Christianity	implicit animosity
What does this sub think of never-muslims who really dislike Islam and think it's the worst religion?: I think islam is a disgusting cult and causes the problems it thinks it's the victim of. Do you guys consider me bigoted? I'm honestly just curious if you see me as on your side or not.	anti-Islam	explicit derogation	anti-Islam	explicit derogation and dehumanization	anti-Islam	explicit derogation  	anti-Islam	explicit derogation	anti-Islam	explicit derogation	anti-Islam	explicit derogation and dehumanization	anti-Islam	explicit derogation	anti-Islam	implicit animosity	anti-Islam	explicit derogation and dehumanization	undefined	undefined	anti-Islam	explicit derogation	anti-Islam	explicit derogation and dehumanization
With the Mormin church being a scam and based off of fairytales what else is made of fairytales and lies?	anti-Christianity	explicit derogation	anti-Christianity	explicit derogation and dehumanization	anti-Christianity	implicit animosity  	undefined	explicit derogation	anti-Christianity	explicit derogation	anti-Christianity	explicit derogation and dehumanization	anti-Christianity	explicit derogation	anti-Christianity	implicit animosity	undefined	explicit derogation and dehumanization	undefined	undefined	anti-Christianity	implicit animosity	anti-Christianity	explicit derogation and dehumanization
With the Mormin LSD church believing in magical ghosts and being founded by a con man named Joesifth Smith, hoe can you help rescue a mormin from their church before they lose themselves to it?	anti-Christianity	explicit derogation	anti-Christianity	explicit derogation and dehumanization	anti-Christianity	explicit derogation  	undefined	explicit derogation	anti-Christianity	explicit derogation, implicit animosity	anti-Christianity	explicit derogation and dehumanization	anti-Christianity	explicit derogation, implicit animosity	anti-Christianity	implicit animosity	undefined	explicit derogation and dehumanization	anti-Christianity	explicit derogation and dehumanization	anti-Christianity	implicit animosity	anti-Christianity	explicit derogation and dehumanization
With Joe Smith teaching Mormins that quakers living on the moon lived up to 1000 years old, what other fairytales make a church look like a scam?	anti-Christianity	explicit derogation	anti-Christianity	explicit derogation and dehumanization	anti-Christianity	explicit derogation  	undefined	explicit derogation	anti-Christianity	explicit derogation	anti-Christianity	explicit derogation and dehumanization	anti-Christianity	explicit derogation	anti-Christianity	implicit animosity	undefined	abusive humor	undefined	undefined	anti-Christianity	implicit animosity	undefined	implicit animosity
How do you rescue a Mormin from their own fairy tale filled scam of a church?	anti-Christianity	explicit derogation	anti-Christianity	explicit derogation and dehumanization	anti-Christianity	explicit derogation  	undefined	explicit derogation	anti-Christianity	explicit derogation	undefined	explicit derogation and dehumanization	anti-Christianity	explicit derogation	anti-Christianity	implicit animosity	undefined	explicit derogation and dehumanization	undefined	undefined	anti-Christianity	implicit animosity	anti-Christianity	implicit animosity
With Mormins LDS full of hors3 shit, how do we as a society rescue them all from their own brainwashing doom?	anti-Christianity	explicit derogation	anti-Christianity	explicit derogation and dehumanization	anti-Christianity	explicit derogation	undefined	explicit derogation	anti-Christianity	explicit derogation, implicit animosity	anti-Christianity	explicit derogation and dehumanization	anti-Christianity	explicit derogation, implicit animosity	anti-Christianity	implicit animosity	undefined	explicit derogation and dehumanization	undefined	undefined	anti-Christianity	explicit derogation	anti-Christianity	explicit derogation and dehumanization
